,Accuracy,precision,recall,F1-score
Non Sampling,0.7787666753185188,0.0,0.0,0.0
Over Sampling,0.6139791554294709,0.5945995696624797,0.718113391488264,0.6504703357847743
Under Sampling,0.6143794091210358,0.5955786173040808,0.7115772055819359,0.6483431466920913
SMOTE,0.6248722120151028,0.6017667486452419,0.7396000578227004,0.6635356293807814
Tomek Links,0.7722403126017583,0.4,0.007964912280701755,0.015584415584415584
One-sided Selection,0.7520789176204608,0.4333333333333333,0.014285714285714285,0.02713482292141663
